Model,precision,recall,accuracy,f1-score
DT,0.9247770749180703,0.8910920173312771,0.9207622225073784,0.9076221108534669
log_reg,0.8735517532417709,0.8360872438863186,0.8755293211856795,0.854409005628518
